{"Agent 1": {"Agencies No": {"Apr-17": 37.04028852275988, "May-17": 84.54483748295664}, "Customer No": {"Apr-17": 93.98244752263466, "May-17": 46.296848857665566}, "New Customer No": {"Apr-17": 47.94375682917277, "May-17": 94.22622028215616}, "Paid Up No": {"Apr-17": 48.9437568291728, "May-17": 95.22622028215619}, "Sales No": {"Apr-17": 41.15396874973234, "May-17": 87.75326918606734}, "Sales Value": {"Apr-17": 40.89828473838374, "May-17": 87.54284760091174}, "Parallel No": {"Apr-17": 40.642600727035074, "May-17": 87.33242601575625}, "Refinance No": {"Apr-17": 40.38691671568651, "May-17": 87.12200443060081}, "Real Misses No": {"Apr-17": 34.74403176580826, "May-17": 48.794410884648045}, "Recent New Customers No 13 Weeks": {"Apr-17": 28.464841228140727, "May-17": 21.78535034598631}, "Consecutive Misses 1": {"Apr-17": 36.85473833807778, "May-17": 76.24756604823158}, "Scheduled Visit No": {"Apr-17": 45.64260072703523, "May-17": 92.33242601575641}}, "Agent 2": {"Agencies No": {"Apr-17": 40.364180670292, "May-17": 87.2803180899786}, "Customer No": {"Apr-17": 255.40884487312132, "May-17": 202.3370174911747}, "New Customer No": {"Apr-17": 42.364180670292, "May-17": 89.2803180899786}, "Paid Up No": {"Apr-17": 53.409652761081034, "May-17": 99.96369077122286}, "Sales No": {"Apr-17": 39.34144462489746, "May-17": 86.43863174935649}, "Sales Value": {"Apr-17": 536.0347674966887, "May-17": 565.2677817914087}, "Parallel No": {"Apr-17": 37.57439259085163, "May-17": 84.80736699388984}, "Refinance No": {"Apr-17": 37.318708579503024, "May-17": 84.5969454087343}, "Real Misses No": {"Apr-17": 95.8327975163852, "May-17": 55.438824673203506}, "Recent New Customers No 13 Weeks": {"Apr-17": 49.22751823284572, "May-17": 35.89597106474924}, "Consecutive Misses 1": {"Apr-17": 67.8388001752481, "May-17": 99.30533723713255}, "Scheduled Visit No": {"Apr-17": 23.57747524962862, "May-17": 44.00230155821755}}, "Agent 3": {"Agencies No": {"Apr-17": 37.29597253410857, "May-17": 84.75525906811215}, "Customer No": {"Apr-17": 67.75508706868959, "May-17": 21.879985451443986}, "New Customer No": {"Apr-17": 40.55165654545719, "May-17": 87.96568065326782}, "Paid Up No": {"Apr-17": 40.29597253410857, "May-17": 87.75525906811215}, "Sales No": {"Apr-17": 41.29597253410857, "May-17": 88.75525906811215}, "Sales Value": {"Apr-17": 548.0347674966887, "May-17": 577.2677817914087}, "Parallel No": {"Apr-17": 34.506184454668045, "May-17": 82.28230797202335}, "Refinance No": {"Apr-17": 34.250500443319496, "May-17": 82.07188638686789}, "Real Misses No": {"Apr-17": 30.769192922677902, "May-17": 47.63829985139947}, "Recent New Customers No 13 Weeks": {"Apr-17": 46.42063383247789, "May-17": 90.82380568823966}, "Consecutive Misses 1": {"Apr-17": 42.04699203023769, "May-17": 88.45430154424248}, "Scheduled Visit No": {"Apr-17": 38.250500443319595, "May-17": 86.07188638686799}}, "Agent 4": {"Agencies No": {"Apr-17": 38.250500443319595, "May-17": 86.07188638686799}, "Customer No": {"Apr-17": 38.250500443319595, "May-17": 86.07188638686799}, "New Customer No": {"Apr-17": 38.250500443319595, "May-17": 86.07188638686799}, "Paid Up No": {"Apr-17": 38.250500443319595, "May-17": 86.07188638686799}, "Sales No": {"Apr-17": 38.250500443319595, "May-17": 86.07188638686799}, "Sales Value": {"Apr-17": 38.250500443319595, "May-17": 86.07188638686799}, "Parallel No": {"Apr-17": 38.250500443319595, "May-17": 86.07188638686799}, "Refinance No": {"Apr-17": 38.250500443319595, "May-17": 86.07188638686799}, "Real Misses No": {"Apr-17": 38.250500443319595, "May-17": 86.07188638686799}, "Recent New Customers No 13 Weeks": {"Apr-17": 38.250500443319595, "May-17": 86.07188638686799}, "Consecutive Misses 1": {"Apr-17": 38.250500443319595, "May-17": 86.07188638686799}, "Scheduled Visit No": {"Apr-17": 38.250500443319595, "May-17": 86.07188638686799}}, "Agent 5": {"Agencies No": {"Apr-17": 31.159556261741415, "May-17": 79.70514102437917}, "Customer No": {"Apr-17": 185.93138791983657, "May-17": 136.66160433810936}, "New Customer No": {"Apr-17": 38.18229230713587, "May-17": 86.54682736500135}, "Paid Up No": {"Apr-17": 39.18229230713588, "May-17": 87.54682736500139}, "Sales No": {"Apr-17": 31.39250422769551, "May-17": 80.07387626891257}, "Sales Value": {"Apr-17": 572.0347674966887, "May-17": 601.2677817914087}, "Parallel No": {"Apr-17": 28.369768182301044, "May-17": 77.23218992829044}, "Refinance No": {"Apr-17": 28.114084170952424, "May-17": 77.02176834313497}, "Real Misses No": {"Apr-17": 153.42680129446651, "May-17": 197.85350527353327}, "Recent New Customers No 13 Weeks": {"Apr-17": 100.32743663758012, "May-17": 131.8845068744001}, "Consecutive Misses 1": {"Apr-17": 56.22776439792494, "May-17": 104.23020004624564}, "Scheduled Visit No": {"Apr-17": 55.972080386576295, "May-17": 104.01977846109008}}, "Agent 6": {"Agencies No": {"Apr-17": 28.091348125558028, "May-17": 77.18008200251288}, "Customer No": {"Apr-17": 278.29516464614875, "May-17": 226.12858578806384}, "New Customer No": {"Apr-17": 30.091348125558028, "May-17": 79.18008200251288}, "Paid Up No": {"Apr-17": 37.369768182301016, "May-17": 86.23218992829044}, "Sales No": {"Apr-17": 27.068612080163433, "May-17": 76.33839566189064}, "Sales Value": {"Apr-17": 584.0347674966887, "May-17": 613.2677817914087}, "Parallel No": {"Apr-17": 25.30156004611753, "May-17": 74.70713090642404}, "Refinance No": {"Apr-17": 25.04587603476898, "May-17": 74.49670932126847}, "Real Misses No": {"Apr-17": 159.14838123772336, "May-17": 203.80139734775548}, "Recent New Customers No 13 Weeks": {"Apr-17": 31.58026843845775, "May-17": 22.424903427182215}, "Consecutive Misses 1": {"Apr-17": 54.41524027309015, "May-17": 102.91556260953479}, "Scheduled Visit No": {"Apr-17": 47.881136204998285, "May-17": 96.6530330986015}}, "Agent 7": {"Agencies No": {"Apr-17": 47.881136204998285, "May-17": 96.6530330986015}, "Customer No": {"Apr-17": 23.511771966677202, "May-17": 73.23417981033529}, "New Customer No": {"Apr-17": 23.256087955328553, "May-17": 73.02375822517965}, "Paid Up No": {"Apr-17": 23.00040394397996, "May-17": 72.81333664002423}, "Sales No": {"Apr-17": 22.744719932631313, "May-17": 72.60291505486873}, "Sales Value": {"Apr-17": 22.489035921282635, "May-17": 72.39249346971306}, "Parallel No": {"Apr-17": 22.233351909934015, "May-17": 72.18207188455753}, "Refinance No": {"Apr-17": 21.977667898585338, "May-17": 71.97165029940194}, "Real Misses No": {"Apr-17": 21.721983887236746, "May-17": 71.76122871424647}, "Recent New Customers No 13 Weeks": {"Apr-17": 21.466299875888126, "May-17": 71.55080712909088}, "Consecutive Misses 1": {"Apr-17": 21.210615864539506, "May-17": 71.34038554393538}, "Scheduled Visit No": {"Apr-17": 21.210615864539506, "May-17": 71.34038554393538}}, "Agent 8": {"Agencies No": {"Apr-17": 21.954931853190857, "May-17": 72.12996395877988}, "Customer No": {"Apr-17": 319.87474080502955, "May-17": 267.07448798024143}, "New Customer No": {"Apr-17": 23.954931853190857, "May-17": 74.12996395877988}, "Paid Up No": {"Apr-17": 53.835664114209294, "May-17": 102.96966041735723}, "Sales No": {"Apr-17": 25.954931853190942, "May-17": 76.12996395877991}, "Sales Value": {"Apr-17": 608.0347674966887, "May-17": 637.2677817914087}, "Parallel No": {"Apr-17": 19.16514377375057, "May-17": 69.65701286269115}, "Refinance No": {"Apr-17": 18.90945976240181, "May-17": 69.44659127753545}, "Real Misses No": {"Apr-17": 129.54645298337363, "May-17": 152.25969265967908}, "Recent New Customers No 13 Weeks": {"Apr-17": 7.108131109690774, "May-17": -9.351628126191358}, "Consecutive Misses 1": {"Apr-17": 43.25608795532861, "May-17": 93.02375822517976}, "Scheduled Visit No": {"Apr-17": 43.00040394397993, "May-17": 92.81333664002415}}, "Agent 9": {"Agencies No": {"Apr-17": 18.886723717007385, "May-17": 69.60490493691336}, "Customer No": {"Apr-17": 162.35739927296498, "May-17": 115.66757398424382}, "New Customer No": {"Apr-17": 27.165143773750515, "May-17": 77.65701286269106}, "Paid Up No": {"Apr-17": 30.676511796447755,